{
  "model_type": "efficientnet1d_feature_based",
  "architecture": "EfficientNet1D-inspired",
  "training_date": "2025-07-31T19:15:10.095357",
  "model_path": "data\\models\\efficientnet1d_gesture_model.h5",
  "training_history": {
    "final_accuracy": 0.7437499761581421,
    "final_val_accuracy": 0.36250001192092896,
    "final_loss": 0.723398745059967,
    "final_val_loss": 1.503161907196045,
    "epochs_trained": 70,
    "best_val_accuracy": 0.42500001192092896,
    "best_accuracy": 0.7437499761581421
  },
  "test_results": {
    "accuracy": 0.41,
    "macro_avg_f1": 0.40666409101932804,
    "weighted_avg_f1": 0.40666409101932804
  },
  "class_metrics": {
    "fist": {
      "precision": 0.42718446601941745,
      "recall": 0.55,
      "f1-score": 0.4808743169398907,
      "support": 80.0
    },
    "open_hand": {
      "precision": 0.3783783783783784,
      "recall": 0.35,
      "f1-score": 0.36363636363636365,
      "support": 80.0
    },
    "peace": {
      "precision": 0.4057971014492754,
      "recall": 0.35,
      "f1-score": 0.37583892617449666,
      "support": 80.0
    },
    "point": {
      "precision": 0.45161290322580644,
      "recall": 0.35,
      "f1-score": 0.39436619718309857,
      "support": 80.0
    },
    "thumbs_up": {
      "precision": 0.391304347826087,
      "recall": 0.45,
      "f1-score": 0.4186046511627907,
      "support": 80.0
    }
  },
  "optimization_features": [
    "1D Conv blocks",
    "Batch normalization",
    "GlobalAveragePooling1D",
    "Adam optimizer",
    "EarlyStopping",
    "ModelCheckpoint",
    "ReduceLROnPlateau"
  ]
}