{
  "model_type": "efficientnet1d_feature_based",
  "architecture": "EfficientNet1D-inspired",
  "training_date": "2025-08-01T18:29:55.678971",
  "model_path": "data\\models\\efficientnet1d_gesture_model.h5",
  "training_history": {
    "final_accuracy": 0.29652777314186096,
    "final_val_accuracy": 0.22499999403953552,
    "final_loss": 1.5472946166992188,
    "final_val_loss": 1.6325347423553467,
    "epochs_trained": 5,
    "best_val_accuracy": 0.22499999403953552,
    "best_accuracy": 0.29722222685813904
  },
  "test_results": {
    "accuracy": 0.2225,
    "macro_avg_f1": 0.1341875901875902,
    "weighted_avg_f1": 0.1341875901875902
  },
  "class_metrics": {
    "fist": {
      "precision": 0.2,
      "recall": 0.025,
      "f1-score": 0.044444444444444446,
      "support": 80.0
    },
    "open_hand": {
      "precision": 0.21176470588235294,
      "recall": 0.9,
      "f1-score": 0.34285714285714286,
      "support": 80.0
    },
    "peace": {
      "precision": 0.0,
      "recall": 0.0,
      "f1-score": 0.0,
      "support": 80.0
    },
    "point": {
      "precision": 0.3,
      "recall": 0.075,
      "f1-score": 0.12,
      "support": 80.0
    },
    "thumbs_up": {
      "precision": 0.3,
      "recall": 0.1125,
      "f1-score": 0.16363636363636364,
      "support": 80.0
    }
  },
  "optimization_features": [
    "1D Conv blocks",
    "Batch normalization",
    "GlobalAveragePooling1D",
    "Adam optimizer",
    "EarlyStopping",
    "ModelCheckpoint",
    "ReduceLROnPlateau"
  ]
}