{
  "model_type": "efficientnet1d",
  "architecture": "EfficientNet1D-inspired",
  "training_date": "2025-08-09T11:47:35.381394",
  "timestamp": "20250809_114735",
  "model_path": "data\\models\\efficientnet1d_gesture_model_20250809_114735.h5",
  "training_history": {
    "final_accuracy": 0.637499988079071,
    "final_val_accuracy": 0.35624998807907104,
    "final_loss": 0.9505709409713745,
    "final_val_loss": 1.58481764793396,
    "epochs_trained": 50,
    "best_val_accuracy": 0.4124999940395355,
    "best_accuracy": 0.6513888835906982
  },
  "test_results": {
    "accuracy": 0.3775,
    "macro_avg_f1": 0.3768699593949039,
    "weighted_avg_f1": 0.37686995939490386
  },
  "class_metrics": {
    "fist": {
      "precision": 0.45098039215686275,
      "recall": 0.2875,
      "f1-score": 0.3511450381679389,
      "support": 80.0
    },
    "open_hand": {
      "precision": 0.3924050632911392,
      "recall": 0.3875,
      "f1-score": 0.389937106918239,
      "support": 80.0
    },
    "peace": {
      "precision": 0.36363636363636365,
      "recall": 0.4,
      "f1-score": 0.38095238095238093,
      "support": 80.0
    },
    "point": {
      "precision": 0.2978723404255319,
      "recall": 0.35,
      "f1-score": 0.3218390804597701,
      "support": 80.0
    },
    "thumbs_up": {
      "precision": 0.42045454545454547,
      "recall": 0.4625,
      "f1-score": 0.44047619047619047,
      "support": 80.0
    }
  },
  "optimization_features": [
    "1D Conv blocks",
    "Batch normalization",
    "GlobalAveragePooling1D",
    "Adam optimizer",
    "EarlyStopping",
    "ModelCheckpoint",
    "ReduceLROnPlateau"
  ]
}