{
  "model_type": "resnet",
  "architecture": "ResNet-inspired with attention",
  "training_date": "2025-08-09T11:29:58.426792",
  "timestamp": "20250809_112958",
  "model_path": "data\\models\\feature_gesture_model_20250809_112958.h5",
  "training_history": {
    "final_accuracy": 0.5965277552604675,
    "final_val_accuracy": 0.543749988079071,
    "final_loss": 0.9879347681999207,
    "final_val_loss": 1.0881147384643555,
    "epochs_trained": 50,
    "best_val_accuracy": 0.6000000238418579,
    "best_accuracy": 0.5965277552604675
  },
  "test_results": {
    "accuracy": 0.5525,
    "macro_avg_f1": 0.533263159815138,
    "weighted_avg_f1": 0.533263159815138
  },
  "class_metrics": {
    "fist": {
      "precision": 0.648936170212766,
      "recall": 0.7625,
      "f1-score": 0.7011494252873564,
      "support": 80.0
    },
    "open_hand": {
      "precision": 0.5568181818181818,
      "recall": 0.6125,
      "f1-score": 0.5833333333333334,
      "support": 80.0
    },
    "peace": {
      "precision": 0.42105263157894735,
      "recall": 0.2,
      "f1-score": 0.2711864406779661,
      "support": 80.0
    },
    "point": {
      "precision": 0.5263157894736842,
      "recall": 0.5,
      "f1-score": 0.5128205128205128,
      "support": 80.0
    },
    "thumbs_up": {
      "precision": 0.5288461538461539,
      "recall": 0.6875,
      "f1-score": 0.5978260869565217,
      "support": 80.0
    }
  },
  "optimization_features": [
    "Residual connections",
    "Attention mechanisms",
    "Batch normalization",
    "AdamW optimizer",
    "Class balancing",
    "Advanced callbacks"
  ]
}