{
  "model_type": "resnet_feature_based",
  "architecture": "ResNet-inspired with attention",
  "training_date": "2025-07-31T19:44:58.603605",
  "model_path": "data\\models\\feature_gesture_model.h5",
  "training_history": {
    "final_accuracy": 0.668055534362793,
    "final_val_accuracy": 0.5687500238418579,
    "final_loss": 0.921317994594574,
    "final_val_loss": 1.1459481716156006,
    "epochs_trained": 50,
    "best_val_accuracy": 0.581250011920929,
    "best_accuracy": 0.668055534362793
  },
  "test_results": {
    "accuracy": 0.545,
    "macro_avg_f1": 0.5440108349219731,
    "weighted_avg_f1": 0.5440108349219731
  },
  "class_metrics": {
    "fist": {
      "precision": 0.5747126436781609,
      "recall": 0.625,
      "f1-score": 0.5988023952095808,
      "support": 80.0
    },
    "open_hand": {
      "precision": 0.7333333333333333,
      "recall": 0.55,
      "f1-score": 0.6285714285714286,
      "support": 80.0
    },
    "peace": {
      "precision": 0.4444444444444444,
      "recall": 0.5,
      "f1-score": 0.47058823529411764,
      "support": 80.0
    },
    "point": {
      "precision": 0.5145631067961165,
      "recall": 0.6625,
      "f1-score": 0.5792349726775956,
      "support": 80.0
    },
    "thumbs_up": {
      "precision": 0.5166666666666667,
      "recall": 0.3875,
      "f1-score": 0.44285714285714284,
      "support": 80.0
    }
  },
  "optimization_features": [
    "Residual connections",
    "Attention mechanisms",
    "Batch normalization",
    "AdamW optimizer",
    "Class balancing",
    "Advanced callbacks"
  ]
}