{
  "model_type": "resnet",
  "architecture": "ResNet-inspired with attention",
  "training_date": "2025-08-09T11:24:54.665039",
  "timestamp": "20250809_112454",
  "model_path": "data\\models\\feature_gesture_model_20250809_112454.h5",
  "training_history": {
    "final_accuracy": 0.6576389074325562,
    "final_val_accuracy": 0.5874999761581421,
    "final_loss": 0.9524486064910889,
    "final_val_loss": 1.1295493841171265,
    "epochs_trained": 50,
    "best_val_accuracy": 0.5874999761581421,
    "best_accuracy": 0.6576389074325562
  },
  "test_results": {
    "accuracy": 0.545,
    "macro_avg_f1": 0.544403979746088,
    "weighted_avg_f1": 0.544403979746088
  },
  "class_metrics": {
    "fist": {
      "precision": 0.5795454545454546,
      "recall": 0.6375,
      "f1-score": 0.6071428571428571,
      "support": 80.0
    },
    "open_hand": {
      "precision": 0.546875,
      "recall": 0.4375,
      "f1-score": 0.4861111111111111,
      "support": 80.0
    },
    "peace": {
      "precision": 0.711864406779661,
      "recall": 0.525,
      "f1-score": 0.60431654676259,
      "support": 80.0
    },
    "point": {
      "precision": 0.5373134328358209,
      "recall": 0.45,
      "f1-score": 0.4897959183673469,
      "support": 80.0
    },
    "thumbs_up": {
      "precision": 0.4426229508196721,
      "recall": 0.675,
      "f1-score": 0.5346534653465347,
      "support": 80.0
    }
  },
  "optimization_features": [
    "Residual connections",
    "Attention mechanisms",
    "Batch normalization",
    "AdamW optimizer",
    "Class balancing",
    "Advanced callbacks"
  ]
}