{
  "model_type": "resnet_feature_based",
  "architecture": "ResNet-inspired with attention",
  "training_date": "2025-07-31T19:12:21.029128",
  "model_path": "data\\models\\feature_gesture_model.h5",
  "training_history": {
    "final_accuracy": 0.6388888955116272,
    "final_val_accuracy": 0.512499988079071,
    "final_loss": 0.9973582029342651,
    "final_val_loss": 1.1883180141448975,
    "epochs_trained": 50,
    "best_val_accuracy": 0.543749988079071,
    "best_accuracy": 0.6430555582046509
  },
  "test_results": {
    "accuracy": 0.5,
    "macro_avg_f1": 0.49891142214243606,
    "weighted_avg_f1": 0.49891142214243606
  },
  "class_metrics": {
    "fist": {
      "precision": 0.5346534653465347,
      "recall": 0.675,
      "f1-score": 0.5966850828729282,
      "support": 80.0
    },
    "open_hand": {
      "precision": 0.7272727272727273,
      "recall": 0.5,
      "f1-score": 0.5925925925925926,
      "support": 80.0
    },
    "peace": {
      "precision": 0.43373493975903615,
      "recall": 0.45,
      "f1-score": 0.44171779141104295,
      "support": 80.0
    },
    "point": {
      "precision": 0.4421052631578947,
      "recall": 0.525,
      "f1-score": 0.48,
      "support": 80.0
    },
    "thumbs_up": {
      "precision": 0.42424242424242425,
      "recall": 0.35,
      "f1-score": 0.3835616438356164,
      "support": 80.0
    }
  },
  "optimization_features": [
    "Residual connections",
    "Attention mechanisms",
    "Batch normalization",
    "AdamW optimizer",
    "Class balancing",
    "Advanced callbacks"
  ]
}